firstName|lastName|positionType|destination
George|Silvanic|Defense|Air Force
Tim|McClendon|Defense|Air Force
Anthony|Williams Jr.|Offense|Akron
Jeslord|Boateng|Defense|Akron
Nikolas|Ognenovic|Offense|Akron
Brylan|Lanier|Defense|Alabama
Henry|To'o To'o|Defense|Alabama
Jack|Martin|Special|Alabama
Jameson|Williams|Offense|Alabama
Austyn|Chestnut|UNK|Appalachian State
Chase|Brice|UNK|Appalachian State
Donte|Small|Defense|Appalachian State
Isaiah|Helms|Offense|Appalachian State
Jahmir|Smith|Offense|Appalachian State
Madison|Cone|Defense|Appalachian State
Stuart|Head|Defense|Appalachian State
Davis|DiVall|Defense|Arizona
Drake|Anderson|Offense|Arizona
Gunner|Cruz|Offense|Arizona
Gunner|Maldonado|Defense|Arizona
Isaiah|Rutherford|Defense|Arizona
Jamarye|Joiner|Offense|Arizona
Jason|Harris|Defense|Arizona
Jerry|Roberts|Defense|Arizona
Jordan|McCloud|Offense|Arizona
Kenny|Hebert|Defense|Arizona
Leevel|Tatum|Defense|Arizona
Malik|Reed|Defense|Arizona
Nick|Moore|Offense|Arizona
Rashie|Hodge|Defense|Arizona
Stanley|Berryhill|Offense|Arizona
Treshaun|Hayward|Defense|Arizona
Bryan|Thompson|Offense|Arizona State
Chandler|Fincher|Defense|Arizona State
Jalin|Conyers|Offense|Arizona State
Matthew|Pola-Mao|Defense|Arizona State
Travez|Moore|Defense|Arizona State
Triston|Miller|Offense|Arizona State
Xavier|Steele|Defense|Arizona State
John|Ridgeway|Defense|Arkansas
Kade|Renfro|Offense|Arkansas
Markell|Utsey|Defense|Arkansas
Trent|Gordon|Defense|Arkansas
Ty'kieast|Crawford|Offense|Arkansas
Akeem|Hayes|Offense|Arkansas State
Alan|Lamar|Offense|Arkansas State
Allan|Walters|Offense|Arkansas State
Brady|Martin|Offense|Arkansas State
Caleb|Bonner|Defense|Arkansas State
James|Blackman|Offense|Arkansas State
John|Mincey|Defense|Arkansas State
Johnnie|Lang|Offense|Arkansas State
Joseph|Ozougwu|Defense|Arkansas State
Justin|Rice|Defense|Arkansas State
Khyheem|Waleed|Offense|Arkansas State
Kivon|Bennett|Defense|Arkansas State
Nick|Lewis|Offense|Arkansas State
Quay|Mays|Defense|Arkansas State
Robert|Holmes|Defense|Arkansas State
Tevailance|Hunt|Offense|Arkansas State
Thurman|Geathers|Defense|Arkansas State
Andrew|Leota|Defense|Auburn
Bydarrius|Knighten|Defense|Auburn
Christian|Tutt|Defense|Auburn
Demetris|Robertson|Offense|Auburn
Donovan|Kaufman|Defense|Auburn
Dreshun|Miller|Defense|Auburn
Jordon|Ingram|Offense|Auburn
Marcus|Harris|Defense|Auburn
T.J.|Finley|Offense|Auburn
Tony|Fair|Defense|Auburn
Chayce|Bishop|Defense|Ball State
Damon|Kaylor|Offense|Ball State
Bralen|Taylor|Defense|Baylor
Drew|Estrada|Offense|Baylor
Grant|Miller|Defense|Baylor
Hal|Presley|Offense|Baylor
Jacob|Gall|Defense|Baylor
Siaki|Ika|Defense|Baylor
Caleb|Biggers|Defense|Boise State
Cyrus|Habibi-Likio|Offense|Boise State
Jalen|Neal|Defense|Boise State
Jared|Reed|Defense|Boise State
Kurt|Rafdal|Offense|Boise State
Will|Farrar|Offense|Boise State
Alec|Sinkfield|Offense|Boston College
Isaiah|Graham-Mobley|Defense|Boston College
Jaiden|Lars-Woodbey|Defense|Boston College
Jake|Byczko|Defense|Boston College
Khris|Banks|Defense|Boston College
Trae|Barry|Offense|Boston College
Ali|Saad|Defense|Bowling Green
Bryce|Brand|Defense|Bowling Green
Davon|Ferguson|Defense|Bowling Green
Drew|Gunther|UNK|Bowling Green
Tommy|Guajardo|Offense|Bowling Green
Cory|Gross|Defense|Buffalo
Ja'Marcus|Ingram|Defense|Buffalo
Josh|Rogers|Defense|Buffalo
Kevin|Marks Jr|Offense|Buffalo
Matt|Myers|Offense|Buffalo
Quian|Williams|Offense|Buffalo
Jakob|Robinson|Defense|BYU
Kaleb|Hayes|Defense|BYU
Mufi|Hunt|Defense|BYU
Puka|Nacua|Offense|BYU
Samson|Nacua|Offense|BYU
Beaux|Tagaloa|Defense|California
Gabriel|Cherry|Defense|California
Raymond|Woodie III|Defense|California
Jacob|Sirmon|Offense|Central Michigan
Levar|Gumms|Offense|Central Michigan
Marcel|Lewis|Defense|Central Michigan
Chibueze|Nwanna|Offense|Charlotte
Geo|Howard|Defense|Charlotte
James|Foster|UNK|Charlotte
Joshua|Bailey|Defense|Charlotte
Justin|Whisenhunt|Defense|Charlotte
Keith|Pearson|Offense|Charlotte
Kofi|Wardlow|Defense|Charlotte
Shadrick|Byrd|Offense|Charlotte
T.J.|Moore|Defense|Charlotte
Tank|Robinson|Defense|Charlotte
Valerian|Agbaw|UNK|Charlotte
Devin|Hightower|Defense|Cincinnati
James|Tunstall|Offense|Cincinnati
Jowon|Briggs|Defense|Cincinnati
Emmanuel|Johnson|Defense|Coastal Carolina
Tre|Douglas|Defense|Coastal Carolina
Turon|Ivy Jr.|Offense|Coastal Carolina
Zovon|Lindsay|Offense|Coastal Carolina
Blayne|Toll|Offense|Colorado
J.T.|Shrout|UNK|Colorado
Jack|Lamb|Defense|Colorado
Max|Wray|Offense|Colorado
Noah|Fenske|Offense|Colorado
Robert|Barnes|Defense|Colorado
David|Bailey|Offense|Colorado State
Emmanuel|Jones|Defense|Colorado State
Linwood|Crump|Defense|Colorado State
Mike|Ciaffoni|Defense|Colorado State
Trey|McBride|Offense|Colorado State
Vince|Picozzi|Defense|Colorado State
Robert|Burns|Offense|Connecticut
Valentin|Senn|Offense|Connecticut
Brian|Foley|Offense|Duke
Carson|Van Lynn|Offense|Duke
Colby|Campbell|Defense|Duke
Dominique|Long|Defense|Duke
Ja'Mion|Franklin|Defense|Duke
Jack|Driggers|Special|Duke
Kade|Parmelly|Defense|Duke
Scott|Boylan|Offense|Duke
Aaron|Jarman|Offense|East Carolina
D.J.|Ford|Defense|East Carolina
Devon|King|Defense|East Carolina
G'Mone|Wilson|Offense|East Carolina
Jasiyah|Robinson|Defense|East Carolina
Jhari|Patterson|Offense|East Carolina
Ray|Rose|Offense|East Carolina
Rob|Vanderlaan|Offense|East Carolina
Ryan|Jones|Defense|East Carolina
Tyree|Saunders|Offense|East Carolina
Wistar|Allen|Defense|East Carolina
Ben|Bryant|Offense|Eastern Michigan
Dexter|Manior|Offense|Eastern Michigan
Jawon|Hamilton|Offense|Eastern Michigan
Antonio|Valentino|Defense|Florida
Daquan|Newkirk|Defense|Florida
Demarkcus|Bowman|Offense|Florida
Elijah|Blades|Defense|Florida
Jace|Christmann|Special|Florida
Jadarrius|Perkins|Defense|Florida
Kaleb|Boateng|Offense|Florida
Alvin|Dempsey|Defense|Florida Atlantic
Andrew|Boselli|Defense|Florida Atlantic
John|Dunmore|Offense|Florida Atlantic
Johnny|Ford|Offense|Florida Atlantic
Kamaar|Bell|Defense|Florida Atlantic
Keyshawn|Greene|Defense|Florida Atlantic
N'Kosi|Perry|Offense|Florida Atlantic
Andrew|Parchment|Offense|Florida State
Brandon|Moore|Defense|Florida State
Cortez|Andrews|Defense|Florida State
D.J.|Williams|Offense|Florida State
Dillan|Gibbons|Defense|Florida State
Jammie|Robinson|Defense|Florida State
Jarques|McClellion|Defense|Florida State
Jermaine|Johnson|Defense|Florida State
Joe|Lang|Defense|Florida State
Keir|Thomas|Defense|Florida State
Marcus|Cushnie|Defense|Florida State
McKenzie|Milton|UNK|Florida State
Daron|Bland|Defense|Fresno State
Elijah|Gates|Defense|Fresno State
Evan|Bennett|Defense|Fresno State
Isaac|Garcia|Defense|Fresno State
Jalen|Guerrero|Offense|Fresno State
Jordan|Wilmore|Offense|Fresno State
Ryan|Boehm|Defense|Fresno State
Ty|Jones|Offense|Fresno State
Arik|Gilbert|Offense|Georgia
Derion|Kendrick|Defense|Georgia
Tykee|Smith|Defense|Georgia
Amare|Jones|Offense|Georgia Southern
Andrew|Johnson|Defense|Georgia Southern
James|Graham|Offense|Georgia Southern
Khadry|Jackson|Defense|Georgia Southern
Darren|Grainger|UNK|Georgia State
Ja'Cyais|Credle|Offense|Georgia State
Shamar|McCollum|Defense|Georgia State
Ayinde|Eley|Defense|Georgia Tech
Brent|Cimaglia|Special|Georgia Tech
Keion|White|Defense|Georgia Tech
Kenneth|Kirby|Offense|Georgia Tech
Kenyatta|Watson II|Defense|Georgia Tech
Kevin|Harris|Defense|Georgia Tech
Kyric|McGowan|Offense|Georgia Tech
Makius|Scott|Defense|Georgia Tech
Nick|Pendley|Offense|Georgia Tech
Trad|Beatty|Offense|Georgia Tech
Arnold|Azunna|Defense|Hawai'i
Colby|Burton|Defense|Hawai'i
Kolby|Wyatt|Offense|Hawai'i
Pita|Tonga|Defense|Hawai'i
Solomon|Turner|Defense|Hawai'i
Zacchaeus|McKinney|Defense|Hawai'i
Alex|Hogan|Defense|Houston
Ja'Lynn|Polk|Offense|Houston
Jaylen|Erwin|Offense|Houston
Jeremy|Singleton|Offense|Houston
Justin|Beadles|Defense|Houston
KeSean|Carter|Offense|Houston
Kody|Russey|Defense|Houston
Latrell|Bankston|Defense|Houston
Seth|Green|Offense|Houston
Tre|Williams|Defense|Houston
Alec|Bryant|Defense|Illinois
Artur|Sitkowski|Offense|Illinois
CJ|Hart|Defense|Illinois
Chase|Hayden|Offense|Illinois
Eddie|Smith|Defense|Illinois
Jack|Badovinac|Defense|Illinois
Jafar|Armstrong|Offense|Illinois
Max|Rosenthal|Offense|Illinois
Prather|Hudson|Defense|Illinois
Camron|Buckley|Offense|Indiana
Deland|McCullough II|Defense|Indiana
James|Bomba|Offense|Indiana
Jaren|Handy|Defense|Indiana
Ryder|Anderson|Defense|Indiana
Stephen|Carr|Offense|Indiana
Weston|Kramer|Defense|Indiana
Zach|Carpenter|Offense|Indiana
Xavior|Williams|Defense|Iowa
Andrew|Mevis|Special|Iowa State
Jaquan|Amos|Defense|Iowa State
Colin|Grunhard|Offense|Kansas
Cornell|Wheeler|Defense|Kansas
Eddie|Wilson|Defense|Kansas
Jason|Bean|Offense|Kansas
Jeremy|Webb|Defense|Kansas
Kevin|Orange|Offense|Kansas
Kevin|Terry|Offense|Kansas
Michael|Ford Jr|Defense|Kansas
Mike|Novitsky|Defense|Kansas
Rich|Miller|Defense|Kansas
Ronald|McGee|Defense|Kansas
Trevor|Wilson|Offense|Kansas
Zion|DeBose|Defense|Kansas
Daniel|Imatorbhebhe|Offense|Kansas State
Eric|Munoz|Defense|Kansas State
Gabe|Garber|UNK|Kansas State
Julius|Brents|Defense|Kansas State
Kade|Warner|Offense|Kansas State
Reggie|Stubblefield|Defense|Kansas State
Russ|Yeast|Defense|Kansas State
Timmy|Horne|Defense|Kansas State
Aaron|Hackett|Offense|Kent State
Antwaine|Richardson|Defense|Kent State
Asher|Frow|Defense|Kent State
Damir|Faison|Defense|Kent State
Nico|Bolden|Defense|Kent State
Nykeim|Johnson|Offense|Kent State
Taj|Mustapha|Offense|Kent State
Dare|Rosenthal|Offense|Kentucky
Jacquez|Jones|Defense|Kentucky
Justice|Dingle|Defense|Kentucky
Luke|Fulton|Defense|Kentucky
Tre'Von|Morgan|Offense|Kentucky
Wan'Dale|Robinson|Offense|Kentucky
Will|Levis|Offense|Kentucky
Cedric|Stone|Defense|Liberty
Duron|Lowe|Defense|Liberty
Kaidon|Salter|Offense|Liberty
Rashaad|Harding|Defense|Liberty
Skyler|Thomas|Defense|Liberty
T.J.|Green|Offense|Liberty
Ben|Wooldridge|Offense|Louisiana
Clinton|Anokwuru|Defense|Louisiana
Jacob|Kibodi|Offense|Louisiana
John|Stephens|Offense|Louisiana
Lance|LeGendre|Offense|Louisiana
Matthew|Anderson|Offense|Louisiana
Michael|Jefferson|Offense|Louisiana
T.J.|Fiailoa|Defense|Louisiana
Tyrone|Lewis|Defense|Louisiana
Adam|Sparks|Defense|Louisiana Monroe
Dariyan|Wiley|Offense|Louisiana Monroe
Jacquez|Williams|Defense|Louisiana Monroe
Jalen|Jackson|Offense|Louisiana Monroe
Jared|Sparks|Offense|Louisiana Monroe
Jordyn|Riley|Defense|Louisiana Monroe
Josh|Pederson|Offense|Louisiana Monroe
Keydrell|Lewis|Offense|Louisiana Monroe
Mark|Williams|Defense|Louisiana Monroe
Nolan|Quinlan|Offense|Louisiana Monroe
Perry|Carter|Offense|Louisiana Monroe
Rhett|Rodriguez|Offense|Louisiana Monroe
Stacey|Wilkins|Offense|Louisiana Monroe
Willie|Tyler|Defense|Louisiana Monroe
Zachari|Jackson|Offense|Louisiana Monroe
Austin|Kendall|Offense|Louisiana Tech
Baylen|Buchanan|Defense|Louisiana Tech
Christopher|Fournier|Defense|Louisiana Tech
Elijah|Hamilton|Defense|Louisiana Tech
Keyon|Henry-Brooks|Offense|Louisiana Tech
Marcus|Williams Jr|Offense|Louisiana Tech
Myles|Mason|Defense|Louisiana Tech
Samuel|Emilus|Offense|Louisiana Tech
Samuel|Williams|Offense|Louisiana Tech
Bryan|Hudson|Offense|Louisville
Jacques|Turner|Defense|Louisville
Jawhar|Jordan|Offense|Louisville
Kenderick|Duncan|Defense|Louisville
Qwynnterrio|Cole|Defense|Louisville
Shai|Werts|UNK|Louisville
Major|Burns|Defense|LSU
Mike|Jones Jr.|Defense|LSU
Billy|Ross|Offense|Marshall
Jayden|Harrison|Offense|Marshall
LeAnthony|Williams Jr.|Defense|Marshall
Shane|Simmons|Defense|Marshall
Steven|Faucheux|Defense|Marshall
TyQaze|Leggs|Defense|Marshall
Marcus|Fleming|Offense|Maryland
An'Darius|Coffey|Defense|Memphis
Austin|Myers|Offense|Memphis
Devon|Robinson|Defense|Memphis
Devontae|Dobbs|Offense|Memphis
Grant|Gunnell|UNK|Memphis
Greg|Emerson|Defense|Memphis
Jakari|Robinson|Defense|Memphis
Jeremiah|Oatsvall|Offense|Memphis
Joe|Doyle|Special|Memphis
Julian|Barnett|Defense|Memphis
Peter|Parrish|Offense|Memphis
Rush|Lansdell|Defense|Memphis
Shamar|Nash|Offense|Memphis
Charleston|Rambo|Offense|Miami
Deandre|Johnson|Defense|Miami
Justice|Oluwaseun|Defense|Miami
Tyrique|Stevenson|Defense|Miami
Emmanuel|Rugamba|Defense|Miami (OH)
Keyon|Mozee|Offense|Miami (OH)
Alan|Bowman|Offense|Michigan
Daylen|Baldwin|Offense|Michigan
Jordan|Whittley|Defense|Michigan
Lance|Dixon|Defense|Michigan
Willie|Allen|Offense|Michigan
Anthony|Russo|Offense|Michigan State
Ben|VanSumeren|Defense|Michigan State
Chester|Kimbrough|Defense|Michigan State
Christian|Fitzpatrick|Offense|Michigan State
Drew|Jordan|Defense|Michigan State
Harold|Joiner|Offense|Michigan State
Itayvion|Brown|Defense|Michigan State
Jarrett|Horst|Offense|Michigan State
Kenneth|Walker|Offense|Michigan State
Khary|Crump|Defense|Michigan State
Maliq|Carr|Offense|Michigan State
Marqui|Lowery Jr|Defense|Michigan State
Quavaris|Crouch|Defense|Michigan State
Ronald|Williams|Defense|Michigan State
Bailey|Hockman|Offense|Middle Tennessee
Jamari|Williams|Defense|Middle Tennessee
Joseph|Honeysucker|Defense|Middle Tennessee
Majon|Wright|Offense|Middle Tennessee
Netori|Johnson|Defense|Middle Tennessee
Yusuf|Ali|Offense|Middle Tennessee
Dylan|Wright|Offense|Minnesota
Jack|Gibbens|Defense|Minnesota
Karter|Shaw|Offense|Minnesota
Matthew|Trickett|Special|Minnesota
Nyles|Pinckney|Defense|Minnesota
Val|Martin|Defense|Minnesota
Will|Mobley|Special|Minnesota
Chance|Lovertich|Offense|Mississippi State
Jack|Abraham|Offense|Mississippi State
Jack|Kristofek|Offense|Mississippi State
Jalen|Green|Defense|Mississippi State
Jamire|Calvin|Offense|Mississippi State
Jonathan|Alexander|Defense|Mississippi State
Makai|Polk|Offense|Mississippi State
Randy|Charlton|Defense|Mississippi State
Akayleb|Evans|Defense|Missouri
Allie|Green|Defense|Missouri
Blaze|Alldredge|Defense|Missouri
EJ|Ndoma-Ogar|Defense|Missouri
Mookie|Cooper|Offense|Missouri
Chandler|Zavala|Defense|NC State
Cory|Durden|Defense|NC State
Cyrus|Fagan|Defense|NC State
Derrek|Pitts|Defense|NC State
Chris|Kolarevic|Defense|Nebraska
Markese|Stepp|Offense|Nebraska
Oliver|Martin|Offense|Nebraska
Samori|Toure|Offense|Nebraska
Tyreke|Johnson|Defense|Nebraska
Bentlee|Sanders|Defense|Nevada
Chad|Brown|Defense|Nevada
Isaiah|Essissima|Defense|Nevada
Jacob|Nunez|Defense|Nevada
Marquis|Spiker|Offense|Nevada
Tyrese|Mack|Offense|Nevada
CJ|Boone|Offense|New Mexico
Jack|Buford|Offense|New Mexico
Jeffrey|Blake|Defense|New Mexico
Terry|Wilson|Offense|New Mexico
Eli|Johnson|Defense|New Mexico State
Ty|Chandler|Offense|North Carolina
Rocky|Lombardi|Offense|Northern Illinois
Enoch|Jackson|Defense|North Texas
Greg|Francis|Defense|North Texas
Jace|Ruder|Offense|North Texas
Jacob|Farrell|Offense|North Texas
John|Davis|Defense|North Texas
Logan|Wilson|Defense|North Texas
Makyle|Sanders|Defense|North Texas
Ridge|Texada|Defense|North Texas
Sean-Thomas|Faulkner|Defense|North Texas
Tommy|Bush|Offense|North Texas
TyRae|Thornton|Defense|North Texas
Andrew|Clair|Offense|Northwestern
Jeffery|Pooler|Defense|Northwestern
Jeremy|Meiser|Defense|Northwestern
Malik|Washington|Offense|Northwestern
Ryan|Hilinski|UNK|Northwestern
Stephon|Robinson|Offense|Northwestern
Trent|Carrington|Defense|Northwestern
Cain|Madden|Defense|Notre Dame
David|Adams|Defense|Notre Dame
Houston|Griffith|Defense|Notre Dame
Jack|Coan|UNK|Notre Dame
TJ|Jackson|Offense|Ohio
Noah|Ruggles|Special|Ohio State
Big Kat|Bryant|Defense|Oklahoma
D.J.|Matthews Jr.|Offense|Oklahoma
Eric|Gray|Offense|Oklahoma
Josh|Plaster|Special|Oklahoma
Kevontre|Bradford|Offense|Oklahoma
Key|Lawrence|Defense|Oklahoma
Micah|Bowens|UNK|Oklahoma
Mike|Woods|Offense|Oklahoma
Robert|Congel|Offense|Oklahoma
Wanya|Morris|Offense|Oklahoma
Chandler|Anthony|Offense|Oklahoma State
Danny|Godlevske|Defense|Oklahoma State
Davontavean|Martin|Offense|Oklahoma State
Jaylen|Warren|Offense|Oklahoma State
Trey|Rucker|Defense|Oklahoma State
Ali|Jennings|Offense|Old Dominion
D'Vion|Harris|Defense|Old Dominion
Darriel|Mack|Offense|Old Dominion
Robert|Kennedy|Defense|Old Dominion
Trey|Blount|Offense|Old Dominion
Tyran|Hunt|Offense|Old Dominion
Zack|Kuntz|Offense|Old Dominion
Chance|Campbell|Defense|Ole Miss
Jahcour|Pearson|Offense|Ole Miss
Nigel|Knott|Defense|Ole Miss
Deshaun|Fenwick|UNK|Oregon State
Elijah|Jones|Defense|Oregon State
Heneli|Bloomfield|Offense|Oregon State
Keonte|Schad|Defense|Oregon State
Makiya|Tongue|Offense|Oregon State
Sam|Noyer|Offense|Oregon State
A.J.|Lytton|Defense|Penn State
Arnold|Ebiketie|Defense|Penn State
Derrick|Tangelo|Defense|Penn State
Eric|Wilson|Offense|Penn State
John|Dixon|Defense|Penn State
John|Lovett|Offense|Penn State
DJ|Turner|Offense|Pittsburgh
MJ|Devonshire|Defense|Pittsburgh
Marcus|Minor|Offense|Pittsburgh
Melquise|Stovall|Offense|Pittsburgh
Broc|Thompson|Offense|Purdue
C.J.|McWilliams|Defense|Purdue
Christian|Gelov|Offense|Purdue
Damarjhe|Lewis|Defense|Purdue
Dylan|Downing|Offense|Purdue
Joseph|Anderson|Defense|Purdue
Octavius|Brothers|Defense|Purdue
Tyler|Witt|Offense|Purdue
Cedric|Patterson|Offense|Rice
Jake|Constantine|UNK|Rice
Luke|McCaffrey|Offense|Rice
Brandon|Sanders|Offense|Rutgers
Christian|Braswell|Defense|Rutgers
David|Nwaogwugwu|Offense|Rutgers
Ifeanyi|Maijeh|Defense|Rutgers
Josh|Youngblood|Offense|Rutgers
Malik|Barrow|Defense|Rutgers
Patrice|Rene|Defense|Rutgers
Jalen|Mayden|UNK|San Diego State
Tyrell|Shavers|Offense|San Diego State
Charles|Ross|Offense|San José State
Charlie|Rogers|Offense|San José State
Jalen|Hamler|Offense|San José State
Kenyon|Sims|Offense|San José State
Matthew|Tago|Defense|San José State
Ryan|Nixon|Defense|San José State
Skylar|Loving-Black|Offense|San José State
Trevon|Sidney|Offense|San José State
Will|Hart|Special|San José State
Blake|Mazza|Special|SMU
Charles|Woods|Defense|SMU
Grant|Calcaterra|Offense|SMU
Isaac|Slade-Matautia|Defense|SMU
Jahari|Rogers|Defense|SMU
John|Seter|Offense|SMU
Jordan|Kerley|Offense|SMU
Justin|Osborne|Offense|SMU
Nolan|Matthews|Offense|SMU
Simon|Gonzalez|Offense|SMU
Stephon|Wright|Defense|SMU
Tanner|Mordecai|UNK|SMU
Thalen|Robinson|Offense|SMU
Tre|Siggers|Offense|SMU
Allen|Dailey|Offense|South Alabama
Antawn|Lewis|Offense|South Alabama
Anterrious|Gray|Offense|South Alabama
Atanza|Vongor|Defense|South Alabama
Ethan|Rinke|Defense|South Alabama
Ja'Chai|Baker|Offense|South Alabama
Jake|Bentley|UNK|South Alabama
Jamal|Brooks|Defense|South Alabama
James|Jackson|Offense|South Alabama
Justin|Stevens|Offense|South Alabama
Kareem|Walker|Offense|South Alabama
Ke'Shun|Brown|Defense|South Alabama
Shawn|Steele|Defense|South Alabama
Ahmarean|Brown|Offense|South Carolina
David|Spaulding|Defense|South Carolina
Debo|Williams|Defense|South Carolina
EJ|Jenkins|Offense|South Carolina
Jahkeem|Green|Defense|South Carolina
Jason|Brown|UNK|South Carolina
Jordan|Strachan|Defense|South Carolina
Karon|Prunty|Defense|South Carolina
Briason|Mays|Defense|Southern Mississippi
Dashawn|Crawford|Defense|Southern Mississippi
Everitt|Cunningham|Defense|Southern Mississippi
Jay|Stanley|Defense|Southern Mississippi
Lakevias|Daniel|Defense|Southern Mississippi
Montra|Edwards|Defense|Southern Mississippi
Racheem|Booth|Defense|Southern Mississippi
Tee|Webb|Offense|Southern Mississippi
Chris|Curry|Offense|South Florida
Christian|Williams|Defense|South Florida
Demarcus|Gregory|Offense|South Florida
Jamari|Stewart|Defense|South Florida
Jaren|Mangham|Offense|South Florida
Matthew|Hill|Offense|South Florida
Timarcus|Simpson|Defense|South Florida
Will|Jones|Defense|South Florida
Xander|Yarberough|Defense|South Florida
Yusuf|Terry|Offense|South Florida
Joshua|Pakola|Defense|Stanford
Cody|Shear|Defense|Syracuse
Garrett|Shrader|UNK|Syracuse
Jason|Simmons|Defense|Syracuse
Chandler|Morris|UNK|TCU
Geor'quarius|Spivey|Offense|TCU
Kenny|Turnier|Defense|TCU
Obinna|Eze|Offense|TCU
Shadrach|Banks|Offense|TCU
T.J.|Carter|Defense|TCU
Amad|Anderson|Offense|Temple
Cameron|Ruiz|Defense|Temple
D'Wan|Mathis|Offense|Temple
Iverson|Clement|Offense|Temple
Jerquavion|Mahone|Defense|Temple
Keyshawn|Paul|Defense|Temple
Lancine|Turay|Defense|Temple
Luke|Foster|Defense|Temple
Ra'Von|Bonner|Offense|Temple
Will|Rodgers III|Defense|Temple
Xach|Gill|Defense|Temple
Brandon|Turnage|Defense|Tennessee
Caleb|Tremblay|Defense|Tennessee
Chase|McGrath|Special|Tennessee
Da'Jon|Terry|Defense|Tennessee
Hendon|Hooker|UNK|Tennessee
JaVonta|Payton|Offense|Tennessee
Joe|Milton III|Offense|Tennessee
Juwan|Mitchell|Defense|Tennessee
Kamal|Hadden|Defense|Tennessee
William|Mohan|Defense|Tennessee
Ben|Davis|Defense|Texas
Brenden|Schooler|Offense|Texas
Darion|Dunn|Defense|Texas
Devin|Richardson|Defense|Texas
Keilan|Robinson|Offense|Texas
Myron|Warren|Defense|Texas
Ovie|Oghoufo|Defense|Texas
Ray|Thornton|Defense|Texas
Jahmir|Johnson|Offense|Texas A&M
Charles|Fletcher|Offense|Texas State
Chris|Mills|Defense|Texas State
DeMarrquese|Hayes|Defense|Texas State
Dennis|Robinson|Offense|Texas State
Dontye|Carriere-Williams|Defense|Texas State
Eric|Sutton|Defense|Texas State
Graham|Faloona|Defense|Texas State
Jeremiah|Hawkins|Offense|Texas State
Jordan|Mitchell|Defense|Texas State
Julian|Ortega-Jones|Offense|Texas State
Kaimana|Wa'a|Defense|Texas State
Liam|Dick|Offense|Texas State
Liam|Dobson|Defense|Texas State
Michael|LoVett III|Defense|Texas State
Nick|Fulwider|Defense|Texas State
Nick|McCann|Defense|Texas State
Rontavius|Groves|Offense|Texas State
Troy|Lefeged|Defense|Texas State
Ty|Evans|Offense|Texas State
Colin|Schooler|Defense|Texas Tech
Jesiah|Pierre|Defense|Texas Tech
Kaylon|Geiger|Offense|Texas Tech
Kyron|Cumby|Offense|Texas Tech
Malik|Dunlap|Defense|Texas Tech
Marquis|Waters|Defense|Texas Tech
Rayshad|Williams|Defense|Texas Tech
Reggie|Pearson Jr.|Defense|Texas Tech
Robert|Wooten|Defense|Texas Tech
TJ|Storment|Offense|Texas Tech
Tyler|Shough|UNK|Texas Tech
Brayden|Fox|Offense|Toledo
Judge|Culpepper|Defense|Toledo
Matt|Landers|Offense|Toledo
Ronald|Delancy III|Defense|Toledo
Tucker|Gleason|Offense|Toledo
Elijah|Culp|Defense|Troy
Jamarcus|Chatman|Defense|Troy
Jordan|Anthony|Defense|Troy
Kevon|Glenn|Defense|Troy
La’Damian|Webb|Offense|Troy
Luke|Magliozzi|Special|Troy
Taiyon|Palmer|Defense|Troy
Taylor|Powell|Offense|Troy
Derrion|Rakestraw|Defense|Tulane
Devin|Brumfield|Offense|Tulane
Joseph|Dorceus|Defense|Tulane
Lance|Robinson|Defense|Tulane
Tyler|Lamm|Offense|Tulane
Bryce|Bray|Defense|Tulsa
Ezra|Naylor|Offense|Tulsa
Jon-Michael|Terry|Defense|Tulsa
Kenney|Solomon|Offense|Tulsa
Steven|Anderson|Offense|Tulsa
Will|Farniok|Defense|Tulsa
Charlie|Benton|Defense|UAB
Jalen|Mayala|Defense|UAB
Justin|Thomas|Defense|UAB
Lee|Witherspoon|Offense|UAB
Myron|Mitchell|Offense|UAB
TJ|Jones|Offense|UAB
Andrew|Brito|Offense|UCF
Brandon|Johnson|Offense|UCF
Isaiah|Bowser|Offense|UCF
Jarvis|Ware|Defense|UCF
Jordan|Johnson|Offense|UCF
Marco|Domio|Defense|UCF
Mark-Antony|Richards|Offense|UCF
Nate|Craig-Myers|Offense|UCF
RJ|Harvey Jr.|UNK|UCF
Ricky|Barber|Defense|UCF
Ale|Kaho|Defense|UCLA
Cameron|Johnson|Defense|UCLA
Devin|Aupiu|Defense|UCLA
Ethan|Garbers|UNK|UCLA
Jay|Toia|Defense|UCLA
Jordan|Genmark Heath|Defense|UCLA
Kam|Brown|Offense|UCLA
Zach|Charbonnet|Offense|UCLA
Brian|Parish|Offense|UMass
Bryce|Watts|Defense|UMass
Bryson|Richardson|Defense|UMass
Devin|Baldwin|Defense|UMass
Hunter|Salmon|Offense|UMass
Jay|LaRosa|Special|UMass
Kay'Ron|Adams|Offense|UMass
Martin|Laham|Offense|UMass
Qualeem|Charles|Offense|UMass
Rico|Arnold|Offense|UMass
Tyler|Lytle|UNK|UMass
Connor|Murphy|Defense|UNLV
Daviyon|McDaniel|Defense|UNLV
Jayvaun|Wilson|Offense|UNLV
Jordan|Jakes|Offense|UNLV
Kylan|Wilborn|Defense|UNLV
Tate|Martell|Offense|UNLV
Chris|Thompson Jr.|Defense|USC
Darwin|Barlow|Offense|USC
Ishmael|Sopsher|Defense|USC
Jake|Smith|Offense|USC
K.D.|Nixon|Offense|USC
Keaontay|Ingram|Offense|USC
Malcolm|Epps|Offense|USC
Tahj|Washington|Offense|USC
Xavion|Alford|Defense|USC
Brandon|McKinney|Defense|Utah
Charlie|Brewer|UNK|Utah
Ja'Quinden|Jackson|UNK|Utah
Jaylen|Dixon|Offense|Utah
Josh|Calvert|Defense|Utah
Munir|McClain|Offense|Utah
T.J.|Pledger|Offense|Utah
Theo|Howard|Offense|Utah
Brandon|Bowling|Offense|Utah State
Byron|Vaughns|Defense|Utah State
Calvin|Tyler|Offense|Utah State
Deven|Thompkins|Offense|Utah State
Jahaziel|Lee|Offense|Utah State
Jamie|Nance|Offense|Utah State
Kyle|Mayberry|Defense|Utah State
Logan|Bonner|Offense|Utah State
Maisen|Knight|Offense|Utah State
Patrick|Joyner|Defense|Utah State
Quazzel|White|Defense|Utah State
Tobias|Gilliam|Defense|Utah State
Dennis|Barnes|Defense|UTEP
Dyvonne|Inyang|Defense|UTEP
Nick|Ast|Offense|UTEP
Walter|Neil|Defense|UTEP
Brandon|Brown|Defense|UT San Antonio
Cameron|Wilkins|Defense|UT San Antonio
Clifford|Chattman|Defense|UT San Antonio
Denzel|Feaster|Defense|UT San Antonio
Dru|Prox|Defense|UT San Antonio
Kennedy|Lewis|Offense|UT San Antonio
Lamonte|McDougle|Defense|UT San Antonio
Ronald|Triplette|Defense|UT San Antonio
Tre'Von|Bradley|Offense|UT San Antonio
Jack|Cardillo|Special|Vanderbilt
Joseph|Bulovas|Special|Vanderbilt
Junior|Uzebu|Offense|Vanderbilt
Re'Mahn|Davis|Offense|Vanderbilt
Wilson|Long|Offense|Vanderbilt
Anthony|Johnson|Defense|Virginia
Artie|Henry III|Offense|Virginia
Chico|Bennett Jr.|Defense|Virginia
Devin|Darrington|Offense|Virginia
Jelani|Woods|Offense|Virginia
Joshua|Hayes|Defense|Virginia
C.J.|McCray|Defense|Virginia Tech
Connor|Blumrick|UNK|Virginia Tech
Jared|Cole|Offense|Virginia Tech
Johnny|Jordan|Offense|Virginia Tech
Jordan|Williams|Defense|Virginia Tech
Tae|Daley|Defense|Virginia Tech
Will|Ross|Special|Virginia Tech
Casey|Washington|Offense|Wake Forest
Christian|Turner|Offense|Wake Forest
KJ|Trujillo|Defense|Wake Forest
Kevin|Pointer|Defense|Wake Forest
Luiji|Vilain|Defense|Wake Forest
Malik|Mustapha|Defense|Wake Forest
Brendan|Radley-Hiles|Defense|Washington
Giles|Jackson|Offense|Washington
Jeremiah|Martin|Defense|Washington
Patrick|O'Brien|UNK|Washington
Ben|Wilson|Defense|Washington State
Jarrett|Guarantano|UNK|Washington State
Jasiah|Richard-Lewis|Offense|Washington State
Kaleb|Ford-Dement|Defense|Washington State
Lincoln|Victor|Offense|Washington State
Nakia|Watson|Offense|Washington State
Tyrone|Hill Jr.|Defense|Washington State
Adam|Cofield|Offense|Western Kentucky
Bailey|Zappe|UNK|Western Kentucky
Ben|Ratzlaff|Offense|Western Kentucky
Boe|Wilson|Defense|Western Kentucky
Cameron|Stage|Defense|Western Kentucky
Daewood|Davis|Offense|Western Kentucky
Dane|Saltarelli|Offense|Western Kentucky
Davion|Williams|Defense|Western Kentucky
DeAngelo|Wilson|Offense|Western Kentucky
Jamale|Carothers|Offense|Western Kentucky
Jerreth|Sterns|Offense|Western Kentucky
Josh|Sterns|Offense|Western Kentucky
Kyle|McNamara|Offense|Western Kentucky
Matthew|Flint|Defense|Western Kentucky
Michael|Allen|Defense|Western Kentucky
Michael|Pitts|Defense|Western Kentucky
Niko|Cooper|Defense|Western Kentucky
Tre|Shaw|Defense|Western Kentucky
Zac|Lefebvre|Offense|Western Kentucky
Hozey|Haji-Badri|Defense|Western Michigan
Darel|Middleton|Defense|West Virginia
Doug|Nester|Offense|West Virginia
Chez|Mellusi|Offense|Wisconsin
Isaac|Townsend|Defense|Wisconsin
Keshaun|Taylor|Defense|Wyoming
